bytes,content-type,elapsed,endpoint,resource,status,entry-date,start-date,end-date
189,text/plain; charset=utf-8,0.562,24acaeaffbb4ab85e0426f6c82aa112da4e8a9d6a3024da1a20129e984dbdb67,043f4c170f93398fbee66adcd7b13468b37526f4a172f20f7e6d706eb06a2f00,200,2021-04-23T13:41:43.522760,,
189,text/plain; charset=utf-8,0.114,24acaeaffbb4ab85e0426f6c82aa112da4e8a9d6a3024da1a20129e984dbdb67,043f4c170f93398fbee66adcd7b13468b37526f4a172f20f7e6d706eb06a2f00,200,2021-04-24T00:17:51.988641,,
189,text/plain; charset=utf-8,0.188,24acaeaffbb4ab85e0426f6c82aa112da4e8a9d6a3024da1a20129e984dbdb67,043f4c170f93398fbee66adcd7b13468b37526f4a172f20f7e6d706eb06a2f00,200,2021-04-25T00:17:47.813321,,
189,text/plain; charset=utf-8,0.14,24acaeaffbb4ab85e0426f6c82aa112da4e8a9d6a3024da1a20129e984dbdb67,043f4c170f93398fbee66adcd7b13468b37526f4a172f20f7e6d706eb06a2f00,200,2021-04-26T00:18:30.976145,,
189,text/plain; charset=utf-8,0.105,24acaeaffbb4ab85e0426f6c82aa112da4e8a9d6a3024da1a20129e984dbdb67,043f4c170f93398fbee66adcd7b13468b37526f4a172f20f7e6d706eb06a2f00,200,2021-04-27T00:16:54.843136,,
189,text/plain; charset=utf-8,0.12,24acaeaffbb4ab85e0426f6c82aa112da4e8a9d6a3024da1a20129e984dbdb67,043f4c170f93398fbee66adcd7b13468b37526f4a172f20f7e6d706eb06a2f00,200,2021-04-28T00:17:06.366131,,
189,text/plain; charset=utf-8,0.093,24acaeaffbb4ab85e0426f6c82aa112da4e8a9d6a3024da1a20129e984dbdb67,043f4c170f93398fbee66adcd7b13468b37526f4a172f20f7e6d706eb06a2f00,200,2021-04-29T00:17:14.173544,,
189,text/plain; charset=utf-8,0.198,24acaeaffbb4ab85e0426f6c82aa112da4e8a9d6a3024da1a20129e984dbdb67,043f4c170f93398fbee66adcd7b13468b37526f4a172f20f7e6d706eb06a2f00,200,2021-04-30T00:09:35.176612,,
189,text/plain; charset=utf-8,0.141,24acaeaffbb4ab85e0426f6c82aa112da4e8a9d6a3024da1a20129e984dbdb67,043f4c170f93398fbee66adcd7b13468b37526f4a172f20f7e6d706eb06a2f00,200,2021-05-01T00:10:31.354247,,
189,text/plain; charset=utf-8,0.186,24acaeaffbb4ab85e0426f6c82aa112da4e8a9d6a3024da1a20129e984dbdb67,043f4c170f93398fbee66adcd7b13468b37526f4a172f20f7e6d706eb06a2f00,200,2021-05-02T00:12:40.074662,,
189,text/plain; charset=utf-8,0.126,24acaeaffbb4ab85e0426f6c82aa112da4e8a9d6a3024da1a20129e984dbdb67,043f4c170f93398fbee66adcd7b13468b37526f4a172f20f7e6d706eb06a2f00,200,2021-05-03T00:11:23.161949,,
189,text/plain; charset=utf-8,0.526,24acaeaffbb4ab85e0426f6c82aa112da4e8a9d6a3024da1a20129e984dbdb67,043f4c170f93398fbee66adcd7b13468b37526f4a172f20f7e6d706eb06a2f00,200,2021-05-04T00:07:28.216192,,
189,text/plain; charset=utf-8,0.097,24acaeaffbb4ab85e0426f6c82aa112da4e8a9d6a3024da1a20129e984dbdb67,043f4c170f93398fbee66adcd7b13468b37526f4a172f20f7e6d706eb06a2f00,200,2021-05-05T00:48:26.456238,,
189,text/plain; charset=utf-8,0.204,24acaeaffbb4ab85e0426f6c82aa112da4e8a9d6a3024da1a20129e984dbdb67,043f4c170f93398fbee66adcd7b13468b37526f4a172f20f7e6d706eb06a2f00,200,2021-05-06T00:47:34.591334,,
189,text/plain; charset=utf-8,0.177,24acaeaffbb4ab85e0426f6c82aa112da4e8a9d6a3024da1a20129e984dbdb67,043f4c170f93398fbee66adcd7b13468b37526f4a172f20f7e6d706eb06a2f00,200,2021-05-07T00:49:40.483814,,
189,text/plain; charset=utf-8,0.121,24acaeaffbb4ab85e0426f6c82aa112da4e8a9d6a3024da1a20129e984dbdb67,043f4c170f93398fbee66adcd7b13468b37526f4a172f20f7e6d706eb06a2f00,200,2021-05-08T00:49:12.351159,,
189,text/plain; charset=utf-8,0.112,24acaeaffbb4ab85e0426f6c82aa112da4e8a9d6a3024da1a20129e984dbdb67,043f4c170f93398fbee66adcd7b13468b37526f4a172f20f7e6d706eb06a2f00,200,2021-05-09T00:52:32.845375,,
189,text/plain; charset=utf-8,0.208,24acaeaffbb4ab85e0426f6c82aa112da4e8a9d6a3024da1a20129e984dbdb67,043f4c170f93398fbee66adcd7b13468b37526f4a172f20f7e6d706eb06a2f00,200,2021-05-10T00:51:08.200359,,
189,text/plain; charset=utf-8,0.136,24acaeaffbb4ab85e0426f6c82aa112da4e8a9d6a3024da1a20129e984dbdb67,043f4c170f93398fbee66adcd7b13468b37526f4a172f20f7e6d706eb06a2f00,200,2021-05-11T00:50:49.111675,,
189,text/plain; charset=utf-8,0.123,24acaeaffbb4ab85e0426f6c82aa112da4e8a9d6a3024da1a20129e984dbdb67,043f4c170f93398fbee66adcd7b13468b37526f4a172f20f7e6d706eb06a2f00,200,2021-05-12T00:53:09.897832,,
189,text/plain; charset=utf-8,0.12,24acaeaffbb4ab85e0426f6c82aa112da4e8a9d6a3024da1a20129e984dbdb67,043f4c170f93398fbee66adcd7b13468b37526f4a172f20f7e6d706eb06a2f00,200,2021-05-13T00:58:21.056379,,
189,text/plain; charset=utf-8,0.19,24acaeaffbb4ab85e0426f6c82aa112da4e8a9d6a3024da1a20129e984dbdb67,043f4c170f93398fbee66adcd7b13468b37526f4a172f20f7e6d706eb06a2f00,200,2021-05-14T01:00:31.571876,,
189,text/plain; charset=utf-8,0.132,24acaeaffbb4ab85e0426f6c82aa112da4e8a9d6a3024da1a20129e984dbdb67,043f4c170f93398fbee66adcd7b13468b37526f4a172f20f7e6d706eb06a2f00,200,2021-05-15T00:57:34.569233,,
189,text/plain; charset=utf-8,0.183,24acaeaffbb4ab85e0426f6c82aa112da4e8a9d6a3024da1a20129e984dbdb67,043f4c170f93398fbee66adcd7b13468b37526f4a172f20f7e6d706eb06a2f00,200,2021-05-16T01:03:27.820931,,
189,text/plain; charset=utf-8,0.193,24acaeaffbb4ab85e0426f6c82aa112da4e8a9d6a3024da1a20129e984dbdb67,043f4c170f93398fbee66adcd7b13468b37526f4a172f20f7e6d706eb06a2f00,200,2021-05-17T00:58:38.505857,,
189,text/plain; charset=utf-8,0.122,24acaeaffbb4ab85e0426f6c82aa112da4e8a9d6a3024da1a20129e984dbdb67,043f4c170f93398fbee66adcd7b13468b37526f4a172f20f7e6d706eb06a2f00,200,2021-05-18T01:02:27.578458,,
189,text/plain; charset=utf-8,0.126,24acaeaffbb4ab85e0426f6c82aa112da4e8a9d6a3024da1a20129e984dbdb67,043f4c170f93398fbee66adcd7b13468b37526f4a172f20f7e6d706eb06a2f00,200,2021-05-19T00:57:43.459903,,
189,text/plain; charset=utf-8,0.13,24acaeaffbb4ab85e0426f6c82aa112da4e8a9d6a3024da1a20129e984dbdb67,043f4c170f93398fbee66adcd7b13468b37526f4a172f20f7e6d706eb06a2f00,200,2021-05-20T00:55:17.845709,,
189,text/plain; charset=utf-8,0.118,24acaeaffbb4ab85e0426f6c82aa112da4e8a9d6a3024da1a20129e984dbdb67,043f4c170f93398fbee66adcd7b13468b37526f4a172f20f7e6d706eb06a2f00,200,2021-05-21T00:59:06.524473,,
189,text/plain; charset=utf-8,0.196,24acaeaffbb4ab85e0426f6c82aa112da4e8a9d6a3024da1a20129e984dbdb67,043f4c170f93398fbee66adcd7b13468b37526f4a172f20f7e6d706eb06a2f00,200,2021-05-22T00:58:09.465360,,
189,text/plain; charset=utf-8,0.118,24acaeaffbb4ab85e0426f6c82aa112da4e8a9d6a3024da1a20129e984dbdb67,043f4c170f93398fbee66adcd7b13468b37526f4a172f20f7e6d706eb06a2f00,200,2021-05-23T01:05:10.523156,,
189,text/plain; charset=utf-8,0.146,24acaeaffbb4ab85e0426f6c82aa112da4e8a9d6a3024da1a20129e984dbdb67,043f4c170f93398fbee66adcd7b13468b37526f4a172f20f7e6d706eb06a2f00,200,2021-05-24T01:03:00.678681,,
189,text/plain; charset=utf-8,0.129,24acaeaffbb4ab85e0426f6c82aa112da4e8a9d6a3024da1a20129e984dbdb67,043f4c170f93398fbee66adcd7b13468b37526f4a172f20f7e6d706eb06a2f00,200,2021-05-25T01:01:24.798688,,
189,text/plain; charset=utf-8,0.131,24acaeaffbb4ab85e0426f6c82aa112da4e8a9d6a3024da1a20129e984dbdb67,043f4c170f93398fbee66adcd7b13468b37526f4a172f20f7e6d706eb06a2f00,200,2021-05-26T01:14:25.849897,,
189,text/plain; charset=utf-8,0.112,24acaeaffbb4ab85e0426f6c82aa112da4e8a9d6a3024da1a20129e984dbdb67,043f4c170f93398fbee66adcd7b13468b37526f4a172f20f7e6d706eb06a2f00,200,2021-05-27T01:20:38.427853,,
189,text/plain; charset=utf-8,0.207,24acaeaffbb4ab85e0426f6c82aa112da4e8a9d6a3024da1a20129e984dbdb67,043f4c170f93398fbee66adcd7b13468b37526f4a172f20f7e6d706eb06a2f00,200,2021-05-28T01:30:37.694145,,
189,text/plain; charset=utf-8,0.173,24acaeaffbb4ab85e0426f6c82aa112da4e8a9d6a3024da1a20129e984dbdb67,043f4c170f93398fbee66adcd7b13468b37526f4a172f20f7e6d706eb06a2f00,200,2021-05-29T01:47:25.577343,,
189,text/plain; charset=utf-8,0.225,24acaeaffbb4ab85e0426f6c82aa112da4e8a9d6a3024da1a20129e984dbdb67,043f4c170f93398fbee66adcd7b13468b37526f4a172f20f7e6d706eb06a2f00,200,2021-05-30T01:57:59.849503,,
189,text/plain; charset=utf-8,0.132,24acaeaffbb4ab85e0426f6c82aa112da4e8a9d6a3024da1a20129e984dbdb67,043f4c170f93398fbee66adcd7b13468b37526f4a172f20f7e6d706eb06a2f00,200,2021-05-31T02:09:38.488219,,
189,text/plain; charset=utf-8,0.137,24acaeaffbb4ab85e0426f6c82aa112da4e8a9d6a3024da1a20129e984dbdb67,043f4c170f93398fbee66adcd7b13468b37526f4a172f20f7e6d706eb06a2f00,200,2021-06-01T02:31:34.150438,,
189,text/plain; charset=utf-8,0.116,24acaeaffbb4ab85e0426f6c82aa112da4e8a9d6a3024da1a20129e984dbdb67,043f4c170f93398fbee66adcd7b13468b37526f4a172f20f7e6d706eb06a2f00,200,2021-06-02T02:36:12.280069,,
189,text/plain; charset=utf-8,0.11,24acaeaffbb4ab85e0426f6c82aa112da4e8a9d6a3024da1a20129e984dbdb67,043f4c170f93398fbee66adcd7b13468b37526f4a172f20f7e6d706eb06a2f00,200,2021-06-03T02:11:57.520794,,
189,text/plain; charset=utf-8,0.122,24acaeaffbb4ab85e0426f6c82aa112da4e8a9d6a3024da1a20129e984dbdb67,043f4c170f93398fbee66adcd7b13468b37526f4a172f20f7e6d706eb06a2f00,200,2021-06-04T01:48:13.037597,,
189,text/plain; charset=utf-8,0.143,24acaeaffbb4ab85e0426f6c82aa112da4e8a9d6a3024da1a20129e984dbdb67,043f4c170f93398fbee66adcd7b13468b37526f4a172f20f7e6d706eb06a2f00,200,2021-06-05T01:24:16.912856,,
189,text/plain; charset=utf-8,0.124,24acaeaffbb4ab85e0426f6c82aa112da4e8a9d6a3024da1a20129e984dbdb67,043f4c170f93398fbee66adcd7b13468b37526f4a172f20f7e6d706eb06a2f00,200,2021-06-06T01:18:02.465326,,
189,text/plain; charset=utf-8,0.19,24acaeaffbb4ab85e0426f6c82aa112da4e8a9d6a3024da1a20129e984dbdb67,043f4c170f93398fbee66adcd7b13468b37526f4a172f20f7e6d706eb06a2f00,200,2021-06-07T01:19:37.087509,,
189,text/plain; charset=utf-8,0.136,24acaeaffbb4ab85e0426f6c82aa112da4e8a9d6a3024da1a20129e984dbdb67,043f4c170f93398fbee66adcd7b13468b37526f4a172f20f7e6d706eb06a2f00,200,2021-06-08T01:17:43.430016,,
189,text/plain; charset=utf-8,0.195,24acaeaffbb4ab85e0426f6c82aa112da4e8a9d6a3024da1a20129e984dbdb67,043f4c170f93398fbee66adcd7b13468b37526f4a172f20f7e6d706eb06a2f00,200,2021-06-09T00:57:36.126602,,
189,text/plain; charset=utf-8,0.116,24acaeaffbb4ab85e0426f6c82aa112da4e8a9d6a3024da1a20129e984dbdb67,043f4c170f93398fbee66adcd7b13468b37526f4a172f20f7e6d706eb06a2f00,200,2021-06-10T00:56:19.361129,,
189,text/plain; charset=utf-8,0.109,24acaeaffbb4ab85e0426f6c82aa112da4e8a9d6a3024da1a20129e984dbdb67,043f4c170f93398fbee66adcd7b13468b37526f4a172f20f7e6d706eb06a2f00,200,2021-06-11T00:49:54.448585,,
189,text/plain; charset=utf-8,0.15,24acaeaffbb4ab85e0426f6c82aa112da4e8a9d6a3024da1a20129e984dbdb67,043f4c170f93398fbee66adcd7b13468b37526f4a172f20f7e6d706eb06a2f00,200,2021-06-12T00:46:01.990644,,
189,text/plain; charset=utf-8,0.144,24acaeaffbb4ab85e0426f6c82aa112da4e8a9d6a3024da1a20129e984dbdb67,043f4c170f93398fbee66adcd7b13468b37526f4a172f20f7e6d706eb06a2f00,200,2021-06-13T00:53:32.859173,,
189,text/plain; charset=utf-8,0.131,24acaeaffbb4ab85e0426f6c82aa112da4e8a9d6a3024da1a20129e984dbdb67,043f4c170f93398fbee66adcd7b13468b37526f4a172f20f7e6d706eb06a2f00,200,2021-06-14T00:48:30.062205,,
189,text/plain; charset=utf-8,0.14,24acaeaffbb4ab85e0426f6c82aa112da4e8a9d6a3024da1a20129e984dbdb67,043f4c170f93398fbee66adcd7b13468b37526f4a172f20f7e6d706eb06a2f00,200,2021-06-15T00:53:17.340845,,
189,text/plain; charset=utf-8,0.163,24acaeaffbb4ab85e0426f6c82aa112da4e8a9d6a3024da1a20129e984dbdb67,043f4c170f93398fbee66adcd7b13468b37526f4a172f20f7e6d706eb06a2f00,200,2021-06-16T00:50:52.592213,,
189,text/plain; charset=utf-8,0.123,24acaeaffbb4ab85e0426f6c82aa112da4e8a9d6a3024da1a20129e984dbdb67,043f4c170f93398fbee66adcd7b13468b37526f4a172f20f7e6d706eb06a2f00,200,2021-06-17T00:49:18.483374,,
189,text/plain; charset=utf-8,0.113,24acaeaffbb4ab85e0426f6c82aa112da4e8a9d6a3024da1a20129e984dbdb67,043f4c170f93398fbee66adcd7b13468b37526f4a172f20f7e6d706eb06a2f00,200,2021-06-18T00:50:48.102210,,
189,text/plain; charset=utf-8,0.139,24acaeaffbb4ab85e0426f6c82aa112da4e8a9d6a3024da1a20129e984dbdb67,043f4c170f93398fbee66adcd7b13468b37526f4a172f20f7e6d706eb06a2f00,200,2021-06-19T00:51:01.999717,,
189,text/plain; charset=utf-8,0.134,24acaeaffbb4ab85e0426f6c82aa112da4e8a9d6a3024da1a20129e984dbdb67,043f4c170f93398fbee66adcd7b13468b37526f4a172f20f7e6d706eb06a2f00,200,2021-06-20T00:53:09.884738,,
189,text/plain; charset=utf-8,0.149,24acaeaffbb4ab85e0426f6c82aa112da4e8a9d6a3024da1a20129e984dbdb67,043f4c170f93398fbee66adcd7b13468b37526f4a172f20f7e6d706eb06a2f00,200,2021-06-21T00:52:37.942084,,
189,text/plain; charset=utf-8,0.134,24acaeaffbb4ab85e0426f6c82aa112da4e8a9d6a3024da1a20129e984dbdb67,043f4c170f93398fbee66adcd7b13468b37526f4a172f20f7e6d706eb06a2f00,200,2021-06-22T00:47:51.139475,,
189,text/plain; charset=utf-8,0.101,24acaeaffbb4ab85e0426f6c82aa112da4e8a9d6a3024da1a20129e984dbdb67,043f4c170f93398fbee66adcd7b13468b37526f4a172f20f7e6d706eb06a2f00,200,2021-06-23T00:45:15.283395,,
189,text/plain; charset=utf-8,0.125,24acaeaffbb4ab85e0426f6c82aa112da4e8a9d6a3024da1a20129e984dbdb67,043f4c170f93398fbee66adcd7b13468b37526f4a172f20f7e6d706eb06a2f00,200,2021-06-24T00:39:52.261706,,
189,text/plain; charset=utf-8,0.181,24acaeaffbb4ab85e0426f6c82aa112da4e8a9d6a3024da1a20129e984dbdb67,043f4c170f93398fbee66adcd7b13468b37526f4a172f20f7e6d706eb06a2f00,200,2021-06-25T00:55:47.623065,,
189,text/plain; charset=utf-8,0.106,24acaeaffbb4ab85e0426f6c82aa112da4e8a9d6a3024da1a20129e984dbdb67,043f4c170f93398fbee66adcd7b13468b37526f4a172f20f7e6d706eb06a2f00,200,2021-06-26T00:49:49.456343,,
189,text/plain; charset=utf-8,0.114,24acaeaffbb4ab85e0426f6c82aa112da4e8a9d6a3024da1a20129e984dbdb67,043f4c170f93398fbee66adcd7b13468b37526f4a172f20f7e6d706eb06a2f00,200,2021-06-27T00:57:18.148078,,
189,text/plain; charset=utf-8,0.1,24acaeaffbb4ab85e0426f6c82aa112da4e8a9d6a3024da1a20129e984dbdb67,043f4c170f93398fbee66adcd7b13468b37526f4a172f20f7e6d706eb06a2f00,200,2021-06-28T00:52:42.748785,,
189,text/plain; charset=utf-8,0.11,24acaeaffbb4ab85e0426f6c82aa112da4e8a9d6a3024da1a20129e984dbdb67,043f4c170f93398fbee66adcd7b13468b37526f4a172f20f7e6d706eb06a2f00,200,2021-06-29T00:49:06.961922,,
189,text/plain; charset=utf-8,0.114,24acaeaffbb4ab85e0426f6c82aa112da4e8a9d6a3024da1a20129e984dbdb67,043f4c170f93398fbee66adcd7b13468b37526f4a172f20f7e6d706eb06a2f00,200,2021-06-30T00:53:58.590666,,
189,text/plain; charset=utf-8,0.176,24acaeaffbb4ab85e0426f6c82aa112da4e8a9d6a3024da1a20129e984dbdb67,043f4c170f93398fbee66adcd7b13468b37526f4a172f20f7e6d706eb06a2f00,200,2021-07-01T00:54:04.496024,,
189,text/plain; charset=utf-8,0.122,24acaeaffbb4ab85e0426f6c82aa112da4e8a9d6a3024da1a20129e984dbdb67,043f4c170f93398fbee66adcd7b13468b37526f4a172f20f7e6d706eb06a2f00,200,2021-07-02T00:50:51.725574,,
189,text/plain; charset=utf-8,0.122,24acaeaffbb4ab85e0426f6c82aa112da4e8a9d6a3024da1a20129e984dbdb67,043f4c170f93398fbee66adcd7b13468b37526f4a172f20f7e6d706eb06a2f00,200,2021-07-03T00:49:52.304209,,
189,text/plain; charset=utf-8,0.136,24acaeaffbb4ab85e0426f6c82aa112da4e8a9d6a3024da1a20129e984dbdb67,043f4c170f93398fbee66adcd7b13468b37526f4a172f20f7e6d706eb06a2f00,200,2021-07-04T00:52:16.571741,,
189,text/plain; charset=utf-8,0.107,24acaeaffbb4ab85e0426f6c82aa112da4e8a9d6a3024da1a20129e984dbdb67,043f4c170f93398fbee66adcd7b13468b37526f4a172f20f7e6d706eb06a2f00,200,2021-07-05T00:48:36.543032,,
189,text/plain; charset=utf-8,0.128,24acaeaffbb4ab85e0426f6c82aa112da4e8a9d6a3024da1a20129e984dbdb67,043f4c170f93398fbee66adcd7b13468b37526f4a172f20f7e6d706eb06a2f00,200,2021-07-06T00:53:26.876391,,
189,text/plain; charset=utf-8,0.118,24acaeaffbb4ab85e0426f6c82aa112da4e8a9d6a3024da1a20129e984dbdb67,043f4c170f93398fbee66adcd7b13468b37526f4a172f20f7e6d706eb06a2f00,200,2021-07-07T00:53:36.968556,,
189,text/plain; charset=utf-8,0.138,24acaeaffbb4ab85e0426f6c82aa112da4e8a9d6a3024da1a20129e984dbdb67,043f4c170f93398fbee66adcd7b13468b37526f4a172f20f7e6d706eb06a2f00,200,2021-07-08T00:49:46.971370,,
189,text/plain; charset=utf-8,0.134,24acaeaffbb4ab85e0426f6c82aa112da4e8a9d6a3024da1a20129e984dbdb67,043f4c170f93398fbee66adcd7b13468b37526f4a172f20f7e6d706eb06a2f00,200,2021-07-09T00:53:12.964489,,
189,text/plain; charset=utf-8,0.117,24acaeaffbb4ab85e0426f6c82aa112da4e8a9d6a3024da1a20129e984dbdb67,043f4c170f93398fbee66adcd7b13468b37526f4a172f20f7e6d706eb06a2f00,200,2021-07-10T00:50:28.572544,,
189,text/plain; charset=utf-8,0.176,24acaeaffbb4ab85e0426f6c82aa112da4e8a9d6a3024da1a20129e984dbdb67,043f4c170f93398fbee66adcd7b13468b37526f4a172f20f7e6d706eb06a2f00,200,2021-07-11T00:57:20.746375,,
189,text/plain; charset=utf-8,0.13,24acaeaffbb4ab85e0426f6c82aa112da4e8a9d6a3024da1a20129e984dbdb67,043f4c170f93398fbee66adcd7b13468b37526f4a172f20f7e6d706eb06a2f00,200,2021-07-12T00:50:35.377167,,
189,text/plain; charset=utf-8,0.184,24acaeaffbb4ab85e0426f6c82aa112da4e8a9d6a3024da1a20129e984dbdb67,043f4c170f93398fbee66adcd7b13468b37526f4a172f20f7e6d706eb06a2f00,200,2021-07-13T00:54:02.338572,,
189,text/plain; charset=utf-8,0.178,24acaeaffbb4ab85e0426f6c82aa112da4e8a9d6a3024da1a20129e984dbdb67,043f4c170f93398fbee66adcd7b13468b37526f4a172f20f7e6d706eb06a2f00,200,2021-07-14T00:48:54.351866,,
189,text/plain; charset=utf-8,0.197,24acaeaffbb4ab85e0426f6c82aa112da4e8a9d6a3024da1a20129e984dbdb67,043f4c170f93398fbee66adcd7b13468b37526f4a172f20f7e6d706eb06a2f00,200,2021-07-15T00:53:00.491346,,
189,text/plain; charset=utf-8,0.216,24acaeaffbb4ab85e0426f6c82aa112da4e8a9d6a3024da1a20129e984dbdb67,043f4c170f93398fbee66adcd7b13468b37526f4a172f20f7e6d706eb06a2f00,200,2021-07-16T00:52:00.139893,,
189,text/plain; charset=utf-8,0.185,24acaeaffbb4ab85e0426f6c82aa112da4e8a9d6a3024da1a20129e984dbdb67,043f4c170f93398fbee66adcd7b13468b37526f4a172f20f7e6d706eb06a2f00,200,2021-07-17T00:50:05.064794,,
189,text/plain; charset=utf-8,0.141,24acaeaffbb4ab85e0426f6c82aa112da4e8a9d6a3024da1a20129e984dbdb67,043f4c170f93398fbee66adcd7b13468b37526f4a172f20f7e6d706eb06a2f00,200,2021-07-18T00:53:18.863856,,
189,text/plain; charset=utf-8,0.2,24acaeaffbb4ab85e0426f6c82aa112da4e8a9d6a3024da1a20129e984dbdb67,043f4c170f93398fbee66adcd7b13468b37526f4a172f20f7e6d706eb06a2f00,200,2021-07-19T00:52:30.275459,,
189,text/plain; charset=utf-8,0.121,24acaeaffbb4ab85e0426f6c82aa112da4e8a9d6a3024da1a20129e984dbdb67,043f4c170f93398fbee66adcd7b13468b37526f4a172f20f7e6d706eb06a2f00,200,2021-07-20T00:55:11.089488,,
189,text/plain; charset=utf-8,0.122,24acaeaffbb4ab85e0426f6c82aa112da4e8a9d6a3024da1a20129e984dbdb67,043f4c170f93398fbee66adcd7b13468b37526f4a172f20f7e6d706eb06a2f00,200,2021-07-21T00:53:05.561546,,
189,text/plain; charset=utf-8,0.153,24acaeaffbb4ab85e0426f6c82aa112da4e8a9d6a3024da1a20129e984dbdb67,043f4c170f93398fbee66adcd7b13468b37526f4a172f20f7e6d706eb06a2f00,200,2021-07-22T00:52:48.325705,,
189,text/plain; charset=utf-8,0.126,24acaeaffbb4ab85e0426f6c82aa112da4e8a9d6a3024da1a20129e984dbdb67,043f4c170f93398fbee66adcd7b13468b37526f4a172f20f7e6d706eb06a2f00,200,2021-07-23T00:52:02.243447,,
189,text/plain; charset=utf-8,0.134,24acaeaffbb4ab85e0426f6c82aa112da4e8a9d6a3024da1a20129e984dbdb67,043f4c170f93398fbee66adcd7b13468b37526f4a172f20f7e6d706eb06a2f00,200,2021-07-24T00:51:16.001620,,
189,text/plain; charset=utf-8,0.155,24acaeaffbb4ab85e0426f6c82aa112da4e8a9d6a3024da1a20129e984dbdb67,043f4c170f93398fbee66adcd7b13468b37526f4a172f20f7e6d706eb06a2f00,200,2021-07-25T00:52:40.307212,,
189,text/plain; charset=utf-8,0.118,24acaeaffbb4ab85e0426f6c82aa112da4e8a9d6a3024da1a20129e984dbdb67,043f4c170f93398fbee66adcd7b13468b37526f4a172f20f7e6d706eb06a2f00,200,2021-07-26T00:51:30.909315,,
189,text/plain; charset=utf-8,0.14,24acaeaffbb4ab85e0426f6c82aa112da4e8a9d6a3024da1a20129e984dbdb67,043f4c170f93398fbee66adcd7b13468b37526f4a172f20f7e6d706eb06a2f00,200,2021-07-27T00:52:59.737849,,
189,text/plain; charset=utf-8,0.12,24acaeaffbb4ab85e0426f6c82aa112da4e8a9d6a3024da1a20129e984dbdb67,043f4c170f93398fbee66adcd7b13468b37526f4a172f20f7e6d706eb06a2f00,200,2021-07-28T00:53:28.510045,,
189,text/plain; charset=utf-8,0.242,24acaeaffbb4ab85e0426f6c82aa112da4e8a9d6a3024da1a20129e984dbdb67,043f4c170f93398fbee66adcd7b13468b37526f4a172f20f7e6d706eb06a2f00,200,2021-07-29T00:49:59.641266,,
189,text/plain; charset=utf-8,0.129,24acaeaffbb4ab85e0426f6c82aa112da4e8a9d6a3024da1a20129e984dbdb67,043f4c170f93398fbee66adcd7b13468b37526f4a172f20f7e6d706eb06a2f00,200,2021-07-30T00:53:12.137140,,
189,text/plain; charset=utf-8,0.165,24acaeaffbb4ab85e0426f6c82aa112da4e8a9d6a3024da1a20129e984dbdb67,043f4c170f93398fbee66adcd7b13468b37526f4a172f20f7e6d706eb06a2f00,200,2021-07-31T00:50:59.291968,,
189,text/plain; charset=utf-8,0.176,24acaeaffbb4ab85e0426f6c82aa112da4e8a9d6a3024da1a20129e984dbdb67,043f4c170f93398fbee66adcd7b13468b37526f4a172f20f7e6d706eb06a2f00,200,2021-08-01T00:58:42.150914,,
189,text/plain; charset=utf-8,0.13,24acaeaffbb4ab85e0426f6c82aa112da4e8a9d6a3024da1a20129e984dbdb67,043f4c170f93398fbee66adcd7b13468b37526f4a172f20f7e6d706eb06a2f00,200,2021-08-02T00:51:22.249129,,
189,text/plain; charset=utf-8,0.114,24acaeaffbb4ab85e0426f6c82aa112da4e8a9d6a3024da1a20129e984dbdb67,043f4c170f93398fbee66adcd7b13468b37526f4a172f20f7e6d706eb06a2f00,200,2021-08-03T00:56:05.155780,,
189,text/plain; charset=utf-8,0.15,24acaeaffbb4ab85e0426f6c82aa112da4e8a9d6a3024da1a20129e984dbdb67,043f4c170f93398fbee66adcd7b13468b37526f4a172f20f7e6d706eb06a2f00,200,2021-08-04T00:50:57.375397,,
189,text/plain; charset=utf-8,0.188,24acaeaffbb4ab85e0426f6c82aa112da4e8a9d6a3024da1a20129e984dbdb67,043f4c170f93398fbee66adcd7b13468b37526f4a172f20f7e6d706eb06a2f00,200,2021-08-05T00:52:04.291733,,
189,text/plain; charset=utf-8,0.137,24acaeaffbb4ab85e0426f6c82aa112da4e8a9d6a3024da1a20129e984dbdb67,043f4c170f93398fbee66adcd7b13468b37526f4a172f20f7e6d706eb06a2f00,200,2021-08-06T00:55:39.919682,,
189,text/plain; charset=utf-8,0.108,24acaeaffbb4ab85e0426f6c82aa112da4e8a9d6a3024da1a20129e984dbdb67,043f4c170f93398fbee66adcd7b13468b37526f4a172f20f7e6d706eb06a2f00,200,2021-08-07T00:46:15.670576,,
189,text/plain; charset=utf-8,0.138,24acaeaffbb4ab85e0426f6c82aa112da4e8a9d6a3024da1a20129e984dbdb67,043f4c170f93398fbee66adcd7b13468b37526f4a172f20f7e6d706eb06a2f00,200,2021-08-08T00:51:40.078088,,
189,text/plain; charset=utf-8,0.123,24acaeaffbb4ab85e0426f6c82aa112da4e8a9d6a3024da1a20129e984dbdb67,043f4c170f93398fbee66adcd7b13468b37526f4a172f20f7e6d706eb06a2f00,200,2021-08-09T00:52:27.116580,,
189,text/plain; charset=utf-8,0.113,24acaeaffbb4ab85e0426f6c82aa112da4e8a9d6a3024da1a20129e984dbdb67,043f4c170f93398fbee66adcd7b13468b37526f4a172f20f7e6d706eb06a2f00,200,2021-08-10T00:53:48.779836,,
189,text/plain; charset=utf-8,0.152,24acaeaffbb4ab85e0426f6c82aa112da4e8a9d6a3024da1a20129e984dbdb67,043f4c170f93398fbee66adcd7b13468b37526f4a172f20f7e6d706eb06a2f00,200,2021-08-11T00:52:52.574630,,
189,text/plain; charset=utf-8,0.146,24acaeaffbb4ab85e0426f6c82aa112da4e8a9d6a3024da1a20129e984dbdb67,043f4c170f93398fbee66adcd7b13468b37526f4a172f20f7e6d706eb06a2f00,200,2021-08-12T00:50:03.224238,,
189,text/plain; charset=utf-8,0.164,24acaeaffbb4ab85e0426f6c82aa112da4e8a9d6a3024da1a20129e984dbdb67,043f4c170f93398fbee66adcd7b13468b37526f4a172f20f7e6d706eb06a2f00,200,2021-08-13T00:51:50.655488,,
189,text/plain; charset=utf-8,0.128,24acaeaffbb4ab85e0426f6c82aa112da4e8a9d6a3024da1a20129e984dbdb67,043f4c170f93398fbee66adcd7b13468b37526f4a172f20f7e6d706eb06a2f00,200,2021-08-14T00:47:23.569638,,
189,text/plain; charset=utf-8,0.133,24acaeaffbb4ab85e0426f6c82aa112da4e8a9d6a3024da1a20129e984dbdb67,043f4c170f93398fbee66adcd7b13468b37526f4a172f20f7e6d706eb06a2f00,200,2021-08-15T00:51:01.852672,,
189,text/plain; charset=utf-8,0.193,24acaeaffbb4ab85e0426f6c82aa112da4e8a9d6a3024da1a20129e984dbdb67,043f4c170f93398fbee66adcd7b13468b37526f4a172f20f7e6d706eb06a2f00,200,2021-08-16T00:50:30.839283,,
189,text/plain; charset=utf-8,0.206,24acaeaffbb4ab85e0426f6c82aa112da4e8a9d6a3024da1a20129e984dbdb67,043f4c170f93398fbee66adcd7b13468b37526f4a172f20f7e6d706eb06a2f00,200,2021-08-17T00:50:34.631745,,
189,text/plain; charset=utf-8,0.406,24acaeaffbb4ab85e0426f6c82aa112da4e8a9d6a3024da1a20129e984dbdb67,043f4c170f93398fbee66adcd7b13468b37526f4a172f20f7e6d706eb06a2f00,200,2021-08-18T00:51:52.921412,,
189,text/plain; charset=utf-8,0.182,24acaeaffbb4ab85e0426f6c82aa112da4e8a9d6a3024da1a20129e984dbdb67,043f4c170f93398fbee66adcd7b13468b37526f4a172f20f7e6d706eb06a2f00,200,2021-08-19T00:44:48.416024,,
189,text/plain; charset=utf-8,0.191,24acaeaffbb4ab85e0426f6c82aa112da4e8a9d6a3024da1a20129e984dbdb67,043f4c170f93398fbee66adcd7b13468b37526f4a172f20f7e6d706eb06a2f00,200,2021-08-20T00:49:49.917233,,
189,text/plain; charset=utf-8,0.178,24acaeaffbb4ab85e0426f6c82aa112da4e8a9d6a3024da1a20129e984dbdb67,043f4c170f93398fbee66adcd7b13468b37526f4a172f20f7e6d706eb06a2f00,200,2021-08-21T00:49:33.202431,,
189,text/plain; charset=utf-8,0.275,24acaeaffbb4ab85e0426f6c82aa112da4e8a9d6a3024da1a20129e984dbdb67,043f4c170f93398fbee66adcd7b13468b37526f4a172f20f7e6d706eb06a2f00,200,2021-08-22T00:49:55.674583,,
189,text/plain; charset=utf-8,0.281,24acaeaffbb4ab85e0426f6c82aa112da4e8a9d6a3024da1a20129e984dbdb67,043f4c170f93398fbee66adcd7b13468b37526f4a172f20f7e6d706eb06a2f00,200,2021-08-23T00:47:03.456355,,
189,text/plain; charset=utf-8,0.211,24acaeaffbb4ab85e0426f6c82aa112da4e8a9d6a3024da1a20129e984dbdb67,043f4c170f93398fbee66adcd7b13468b37526f4a172f20f7e6d706eb06a2f00,200,2021-08-24T00:48:51.985232,,
189,text/plain; charset=utf-8,0.119,24acaeaffbb4ab85e0426f6c82aa112da4e8a9d6a3024da1a20129e984dbdb67,043f4c170f93398fbee66adcd7b13468b37526f4a172f20f7e6d706eb06a2f00,200,2021-08-25T00:50:26.773056,,
189,text/plain; charset=utf-8,0.293,24acaeaffbb4ab85e0426f6c82aa112da4e8a9d6a3024da1a20129e984dbdb67,043f4c170f93398fbee66adcd7b13468b37526f4a172f20f7e6d706eb06a2f00,200,2021-08-26T00:48:36.912530,,
189,text/plain; charset=utf-8,0.187,24acaeaffbb4ab85e0426f6c82aa112da4e8a9d6a3024da1a20129e984dbdb67,043f4c170f93398fbee66adcd7b13468b37526f4a172f20f7e6d706eb06a2f00,200,2021-08-27T00:54:51.414173,,
189,text/plain; charset=utf-8,0.211,24acaeaffbb4ab85e0426f6c82aa112da4e8a9d6a3024da1a20129e984dbdb67,043f4c170f93398fbee66adcd7b13468b37526f4a172f20f7e6d706eb06a2f00,200,2021-08-28T00:47:44.911182,,
189,text/plain; charset=utf-8,0.128,24acaeaffbb4ab85e0426f6c82aa112da4e8a9d6a3024da1a20129e984dbdb67,043f4c170f93398fbee66adcd7b13468b37526f4a172f20f7e6d706eb06a2f00,200,2021-08-29T00:53:25.802318,,
189,text/plain; charset=utf-8,0.12,24acaeaffbb4ab85e0426f6c82aa112da4e8a9d6a3024da1a20129e984dbdb67,043f4c170f93398fbee66adcd7b13468b37526f4a172f20f7e6d706eb06a2f00,200,2021-08-30T00:49:39.998899,,
189,text/plain; charset=utf-8,0.173,24acaeaffbb4ab85e0426f6c82aa112da4e8a9d6a3024da1a20129e984dbdb67,043f4c170f93398fbee66adcd7b13468b37526f4a172f20f7e6d706eb06a2f00,200,2021-08-31T00:52:32.818097,,
189,text/plain; charset=utf-8,0.128,24acaeaffbb4ab85e0426f6c82aa112da4e8a9d6a3024da1a20129e984dbdb67,043f4c170f93398fbee66adcd7b13468b37526f4a172f20f7e6d706eb06a2f00,200,2021-09-01T00:56:25.367456,,
189,text/plain; charset=utf-8,0.162,24acaeaffbb4ab85e0426f6c82aa112da4e8a9d6a3024da1a20129e984dbdb67,043f4c170f93398fbee66adcd7b13468b37526f4a172f20f7e6d706eb06a2f00,200,2021-09-02T00:52:04.558032,,
189,text/plain; charset=utf-8,0.168,24acaeaffbb4ab85e0426f6c82aa112da4e8a9d6a3024da1a20129e984dbdb67,043f4c170f93398fbee66adcd7b13468b37526f4a172f20f7e6d706eb06a2f00,200,2021-09-03T00:51:02.145648,,
189,text/plain; charset=utf-8,0.142,24acaeaffbb4ab85e0426f6c82aa112da4e8a9d6a3024da1a20129e984dbdb67,043f4c170f93398fbee66adcd7b13468b37526f4a172f20f7e6d706eb06a2f00,200,2021-09-04T00:51:29.727184,,
189,text/plain; charset=utf-8,0.174,24acaeaffbb4ab85e0426f6c82aa112da4e8a9d6a3024da1a20129e984dbdb67,043f4c170f93398fbee66adcd7b13468b37526f4a172f20f7e6d706eb06a2f00,200,2021-09-05T00:53:59.997897,,
189,text/plain; charset=utf-8,0.229,24acaeaffbb4ab85e0426f6c82aa112da4e8a9d6a3024da1a20129e984dbdb67,043f4c170f93398fbee66adcd7b13468b37526f4a172f20f7e6d706eb06a2f00,200,2021-09-06T00:56:50.920918,,
189,text/plain; charset=utf-8,0.137,24acaeaffbb4ab85e0426f6c82aa112da4e8a9d6a3024da1a20129e984dbdb67,043f4c170f93398fbee66adcd7b13468b37526f4a172f20f7e6d706eb06a2f00,200,2021-09-07T00:50:05.196523,,
189,text/plain; charset=utf-8,0.153,24acaeaffbb4ab85e0426f6c82aa112da4e8a9d6a3024da1a20129e984dbdb67,043f4c170f93398fbee66adcd7b13468b37526f4a172f20f7e6d706eb06a2f00,200,2021-09-08T00:50:58.270824,,
189,text/plain; charset=utf-8,0.151,24acaeaffbb4ab85e0426f6c82aa112da4e8a9d6a3024da1a20129e984dbdb67,043f4c170f93398fbee66adcd7b13468b37526f4a172f20f7e6d706eb06a2f00,200,2021-09-09T00:54:10.740398,,
189,text/plain; charset=utf-8,0.119,24acaeaffbb4ab85e0426f6c82aa112da4e8a9d6a3024da1a20129e984dbdb67,043f4c170f93398fbee66adcd7b13468b37526f4a172f20f7e6d706eb06a2f00,200,2021-09-10T00:55:38.917236,,
189,text/plain; charset=utf-8,0.172,24acaeaffbb4ab85e0426f6c82aa112da4e8a9d6a3024da1a20129e984dbdb67,043f4c170f93398fbee66adcd7b13468b37526f4a172f20f7e6d706eb06a2f00,200,2021-09-11T00:50:48.686809,,
189,text/plain; charset=utf-8,0.221,24acaeaffbb4ab85e0426f6c82aa112da4e8a9d6a3024da1a20129e984dbdb67,043f4c170f93398fbee66adcd7b13468b37526f4a172f20f7e6d706eb06a2f00,200,2021-09-12T00:54:23.195066,,
189,text/plain; charset=utf-8,0.131,24acaeaffbb4ab85e0426f6c82aa112da4e8a9d6a3024da1a20129e984dbdb67,043f4c170f93398fbee66adcd7b13468b37526f4a172f20f7e6d706eb06a2f00,200,2021-09-13T00:54:18.613018,,
189,text/plain; charset=utf-8,0.128,24acaeaffbb4ab85e0426f6c82aa112da4e8a9d6a3024da1a20129e984dbdb67,043f4c170f93398fbee66adcd7b13468b37526f4a172f20f7e6d706eb06a2f00,200,2021-09-14T00:56:32.614875,,
189,text/plain; charset=utf-8,0.206,24acaeaffbb4ab85e0426f6c82aa112da4e8a9d6a3024da1a20129e984dbdb67,043f4c170f93398fbee66adcd7b13468b37526f4a172f20f7e6d706eb06a2f00,200,2021-09-15T00:52:19.995676,,
189,text/plain; charset=utf-8,0.203,24acaeaffbb4ab85e0426f6c82aa112da4e8a9d6a3024da1a20129e984dbdb67,043f4c170f93398fbee66adcd7b13468b37526f4a172f20f7e6d706eb06a2f00,200,2021-09-16T00:55:52.242063,,
189,text/plain; charset=utf-8,0.152,24acaeaffbb4ab85e0426f6c82aa112da4e8a9d6a3024da1a20129e984dbdb67,043f4c170f93398fbee66adcd7b13468b37526f4a172f20f7e6d706eb06a2f00,200,2021-09-17T00:58:06.485239,,
189,text/plain; charset=utf-8,0.14,24acaeaffbb4ab85e0426f6c82aa112da4e8a9d6a3024da1a20129e984dbdb67,043f4c170f93398fbee66adcd7b13468b37526f4a172f20f7e6d706eb06a2f00,200,2021-09-18T00:51:27.778516,,
189,text/plain; charset=utf-8,0.143,24acaeaffbb4ab85e0426f6c82aa112da4e8a9d6a3024da1a20129e984dbdb67,043f4c170f93398fbee66adcd7b13468b37526f4a172f20f7e6d706eb06a2f00,200,2021-09-19T00:53:44.602822,,
189,text/plain; charset=utf-8,0.137,24acaeaffbb4ab85e0426f6c82aa112da4e8a9d6a3024da1a20129e984dbdb67,043f4c170f93398fbee66adcd7b13468b37526f4a172f20f7e6d706eb06a2f00,200,2021-09-20T00:56:47.436476,,
189,text/plain; charset=utf-8,0.283,24acaeaffbb4ab85e0426f6c82aa112da4e8a9d6a3024da1a20129e984dbdb67,043f4c170f93398fbee66adcd7b13468b37526f4a172f20f7e6d706eb06a2f00,200,2021-09-21T00:54:52.737201,,
189,text/plain; charset=utf-8,0.173,24acaeaffbb4ab85e0426f6c82aa112da4e8a9d6a3024da1a20129e984dbdb67,043f4c170f93398fbee66adcd7b13468b37526f4a172f20f7e6d706eb06a2f00,200,2021-09-22T00:55:37.892749,,
189,text/plain; charset=utf-8,0.172,24acaeaffbb4ab85e0426f6c82aa112da4e8a9d6a3024da1a20129e984dbdb67,043f4c170f93398fbee66adcd7b13468b37526f4a172f20f7e6d706eb06a2f00,200,2021-09-23T00:57:53.628962,,
189,text/plain; charset=utf-8,0.146,24acaeaffbb4ab85e0426f6c82aa112da4e8a9d6a3024da1a20129e984dbdb67,043f4c170f93398fbee66adcd7b13468b37526f4a172f20f7e6d706eb06a2f00,200,2021-09-24T00:54:37.098572,,
189,text/plain; charset=utf-8,0.121,24acaeaffbb4ab85e0426f6c82aa112da4e8a9d6a3024da1a20129e984dbdb67,043f4c170f93398fbee66adcd7b13468b37526f4a172f20f7e6d706eb06a2f00,200,2021-09-25T00:52:34.687041,,
189,text/plain; charset=utf-8,0.174,24acaeaffbb4ab85e0426f6c82aa112da4e8a9d6a3024da1a20129e984dbdb67,043f4c170f93398fbee66adcd7b13468b37526f4a172f20f7e6d706eb06a2f00,200,2021-09-26T00:55:01.326689,,
189,text/plain; charset=utf-8,0.128,24acaeaffbb4ab85e0426f6c82aa112da4e8a9d6a3024da1a20129e984dbdb67,043f4c170f93398fbee66adcd7b13468b37526f4a172f20f7e6d706eb06a2f00,200,2021-09-27T00:53:37.684724,,
189,text/plain; charset=utf-8,0.128,24acaeaffbb4ab85e0426f6c82aa112da4e8a9d6a3024da1a20129e984dbdb67,043f4c170f93398fbee66adcd7b13468b37526f4a172f20f7e6d706eb06a2f00,200,2021-09-28T00:54:24.464575,,
189,text/plain; charset=utf-8,0.157,24acaeaffbb4ab85e0426f6c82aa112da4e8a9d6a3024da1a20129e984dbdb67,043f4c170f93398fbee66adcd7b13468b37526f4a172f20f7e6d706eb06a2f00,200,2021-09-29T00:52:04.837158,,
189,text/plain; charset=utf-8,0.144,24acaeaffbb4ab85e0426f6c82aa112da4e8a9d6a3024da1a20129e984dbdb67,043f4c170f93398fbee66adcd7b13468b37526f4a172f20f7e6d706eb06a2f00,200,2021-09-30T00:58:00.520124,,
189,text/plain; charset=utf-8,0.143,24acaeaffbb4ab85e0426f6c82aa112da4e8a9d6a3024da1a20129e984dbdb67,043f4c170f93398fbee66adcd7b13468b37526f4a172f20f7e6d706eb06a2f00,200,2021-10-01T00:57:43.330980,,
189,text/plain; charset=utf-8,0.212,24acaeaffbb4ab85e0426f6c82aa112da4e8a9d6a3024da1a20129e984dbdb67,043f4c170f93398fbee66adcd7b13468b37526f4a172f20f7e6d706eb06a2f00,200,2021-10-02T00:55:24.097310,,
189,text/plain; charset=utf-8,0.135,24acaeaffbb4ab85e0426f6c82aa112da4e8a9d6a3024da1a20129e984dbdb67,043f4c170f93398fbee66adcd7b13468b37526f4a172f20f7e6d706eb06a2f00,200,2021-10-03T00:59:13.634635,,
189,text/plain; charset=utf-8,0.115,24acaeaffbb4ab85e0426f6c82aa112da4e8a9d6a3024da1a20129e984dbdb67,043f4c170f93398fbee66adcd7b13468b37526f4a172f20f7e6d706eb06a2f00,200,2021-10-04T00:59:19.048337,,
189,text/plain; charset=utf-8,0.131,24acaeaffbb4ab85e0426f6c82aa112da4e8a9d6a3024da1a20129e984dbdb67,043f4c170f93398fbee66adcd7b13468b37526f4a172f20f7e6d706eb06a2f00,200,2021-10-05T00:53:46.784009,,
189,text/plain; charset=utf-8,0.245,24acaeaffbb4ab85e0426f6c82aa112da4e8a9d6a3024da1a20129e984dbdb67,043f4c170f93398fbee66adcd7b13468b37526f4a172f20f7e6d706eb06a2f00,200,2021-10-06T00:55:53.385187,,
189,text/plain; charset=utf-8,0.147,24acaeaffbb4ab85e0426f6c82aa112da4e8a9d6a3024da1a20129e984dbdb67,043f4c170f93398fbee66adcd7b13468b37526f4a172f20f7e6d706eb06a2f00,200,2021-10-07T00:56:08.594503,,
189,text/plain; charset=utf-8,0.127,24acaeaffbb4ab85e0426f6c82aa112da4e8a9d6a3024da1a20129e984dbdb67,043f4c170f93398fbee66adcd7b13468b37526f4a172f20f7e6d706eb06a2f00,200,2021-10-08T00:58:12.632606,,
189,text/plain; charset=utf-8,0.141,24acaeaffbb4ab85e0426f6c82aa112da4e8a9d6a3024da1a20129e984dbdb67,043f4c170f93398fbee66adcd7b13468b37526f4a172f20f7e6d706eb06a2f00,200,2021-10-09T00:52:22.100200,,
189,text/plain; charset=utf-8,0.16,24acaeaffbb4ab85e0426f6c82aa112da4e8a9d6a3024da1a20129e984dbdb67,043f4c170f93398fbee66adcd7b13468b37526f4a172f20f7e6d706eb06a2f00,200,2021-10-10T00:55:57.873132,,
189,text/plain; charset=utf-8,0.137,24acaeaffbb4ab85e0426f6c82aa112da4e8a9d6a3024da1a20129e984dbdb67,043f4c170f93398fbee66adcd7b13468b37526f4a172f20f7e6d706eb06a2f00,200,2021-10-11T00:56:15.290202,,
189,text/plain; charset=utf-8,0.234,24acaeaffbb4ab85e0426f6c82aa112da4e8a9d6a3024da1a20129e984dbdb67,043f4c170f93398fbee66adcd7b13468b37526f4a172f20f7e6d706eb06a2f00,200,2021-10-12T00:58:52.743085,,
189,text/plain; charset=utf-8,0.152,24acaeaffbb4ab85e0426f6c82aa112da4e8a9d6a3024da1a20129e984dbdb67,043f4c170f93398fbee66adcd7b13468b37526f4a172f20f7e6d706eb06a2f00,200,2021-10-13T00:55:03.093901,,
189,text/plain; charset=utf-8,0.159,24acaeaffbb4ab85e0426f6c82aa112da4e8a9d6a3024da1a20129e984dbdb67,043f4c170f93398fbee66adcd7b13468b37526f4a172f20f7e6d706eb06a2f00,200,2021-10-14T00:53:31.293382,,
189,text/plain; charset=utf-8,0.15,24acaeaffbb4ab85e0426f6c82aa112da4e8a9d6a3024da1a20129e984dbdb67,043f4c170f93398fbee66adcd7b13468b37526f4a172f20f7e6d706eb06a2f00,200,2021-10-15T00:57:59.836088,,
189,text/plain; charset=utf-8,0.141,24acaeaffbb4ab85e0426f6c82aa112da4e8a9d6a3024da1a20129e984dbdb67,043f4c170f93398fbee66adcd7b13468b37526f4a172f20f7e6d706eb06a2f00,200,2021-10-16T00:59:12.808070,,
189,text/plain; charset=utf-8,0.134,24acaeaffbb4ab85e0426f6c82aa112da4e8a9d6a3024da1a20129e984dbdb67,043f4c170f93398fbee66adcd7b13468b37526f4a172f20f7e6d706eb06a2f00,200,2021-10-17T00:55:21.343580,,
189,text/plain; charset=utf-8,0.135,24acaeaffbb4ab85e0426f6c82aa112da4e8a9d6a3024da1a20129e984dbdb67,043f4c170f93398fbee66adcd7b13468b37526f4a172f20f7e6d706eb06a2f00,200,2021-10-18T00:57:17.526434,,
189,text/plain; charset=utf-8,0.182,24acaeaffbb4ab85e0426f6c82aa112da4e8a9d6a3024da1a20129e984dbdb67,043f4c170f93398fbee66adcd7b13468b37526f4a172f20f7e6d706eb06a2f00,200,2021-10-19T00:58:45.539655,,
189,text/plain; charset=utf-8,0.131,24acaeaffbb4ab85e0426f6c82aa112da4e8a9d6a3024da1a20129e984dbdb67,043f4c170f93398fbee66adcd7b13468b37526f4a172f20f7e6d706eb06a2f00,200,2021-10-20T00:57:22.185518,,
189,text/plain; charset=utf-8,0.137,24acaeaffbb4ab85e0426f6c82aa112da4e8a9d6a3024da1a20129e984dbdb67,043f4c170f93398fbee66adcd7b13468b37526f4a172f20f7e6d706eb06a2f00,200,2021-10-21T00:59:55.042872,,
189,text/plain; charset=utf-8,0.21,24acaeaffbb4ab85e0426f6c82aa112da4e8a9d6a3024da1a20129e984dbdb67,043f4c170f93398fbee66adcd7b13468b37526f4a172f20f7e6d706eb06a2f00,200,2021-10-22T01:01:36.655790,,
189,text/plain; charset=utf-8,0.126,24acaeaffbb4ab85e0426f6c82aa112da4e8a9d6a3024da1a20129e984dbdb67,043f4c170f93398fbee66adcd7b13468b37526f4a172f20f7e6d706eb06a2f00,200,2021-10-23T00:57:26.053965,,
189,text/plain; charset=utf-8,0.23,24acaeaffbb4ab85e0426f6c82aa112da4e8a9d6a3024da1a20129e984dbdb67,043f4c170f93398fbee66adcd7b13468b37526f4a172f20f7e6d706eb06a2f00,200,2021-10-24T00:55:21.239367,,
189,text/plain; charset=utf-8,0.136,24acaeaffbb4ab85e0426f6c82aa112da4e8a9d6a3024da1a20129e984dbdb67,043f4c170f93398fbee66adcd7b13468b37526f4a172f20f7e6d706eb06a2f00,200,2021-10-25T00:56:39.509467,,
189,text/plain; charset=utf-8,0.204,24acaeaffbb4ab85e0426f6c82aa112da4e8a9d6a3024da1a20129e984dbdb67,043f4c170f93398fbee66adcd7b13468b37526f4a172f20f7e6d706eb06a2f00,200,2021-10-26T00:53:03.366337,,
189,text/plain; charset=utf-8,0.224,24acaeaffbb4ab85e0426f6c82aa112da4e8a9d6a3024da1a20129e984dbdb67,043f4c170f93398fbee66adcd7b13468b37526f4a172f20f7e6d706eb06a2f00,200,2021-10-27T00:52:25.561549,,
189,text/plain; charset=utf-8,0.153,24acaeaffbb4ab85e0426f6c82aa112da4e8a9d6a3024da1a20129e984dbdb67,043f4c170f93398fbee66adcd7b13468b37526f4a172f20f7e6d706eb06a2f00,200,2021-10-28T00:53:12.889847,,
189,text/plain; charset=utf-8,0.199,24acaeaffbb4ab85e0426f6c82aa112da4e8a9d6a3024da1a20129e984dbdb67,043f4c170f93398fbee66adcd7b13468b37526f4a172f20f7e6d706eb06a2f00,200,2021-10-29T00:51:55.044123,,
189,text/plain; charset=utf-8,0.133,24acaeaffbb4ab85e0426f6c82aa112da4e8a9d6a3024da1a20129e984dbdb67,043f4c170f93398fbee66adcd7b13468b37526f4a172f20f7e6d706eb06a2f00,200,2021-10-30T00:51:43.734012,,
189,text/plain; charset=utf-8,0.171,24acaeaffbb4ab85e0426f6c82aa112da4e8a9d6a3024da1a20129e984dbdb67,043f4c170f93398fbee66adcd7b13468b37526f4a172f20f7e6d706eb06a2f00,200,2021-10-31T00:55:40.444976,,
189,text/plain; charset=utf-8,0.134,24acaeaffbb4ab85e0426f6c82aa112da4e8a9d6a3024da1a20129e984dbdb67,043f4c170f93398fbee66adcd7b13468b37526f4a172f20f7e6d706eb06a2f00,200,2021-11-01T00:56:05.978366,,
189,text/plain; charset=utf-8,0.212,24acaeaffbb4ab85e0426f6c82aa112da4e8a9d6a3024da1a20129e984dbdb67,043f4c170f93398fbee66adcd7b13468b37526f4a172f20f7e6d706eb06a2f00,200,2021-11-02T00:57:13.299847,,
189,text/plain; charset=utf-8,0.138,24acaeaffbb4ab85e0426f6c82aa112da4e8a9d6a3024da1a20129e984dbdb67,043f4c170f93398fbee66adcd7b13468b37526f4a172f20f7e6d706eb06a2f00,200,2021-11-03T00:53:04.590910,,
189,text/plain; charset=utf-8,0.135,24acaeaffbb4ab85e0426f6c82aa112da4e8a9d6a3024da1a20129e984dbdb67,043f4c170f93398fbee66adcd7b13468b37526f4a172f20f7e6d706eb06a2f00,200,2021-11-04T00:53:56.661491,,
189,text/plain; charset=utf-8,0.126,24acaeaffbb4ab85e0426f6c82aa112da4e8a9d6a3024da1a20129e984dbdb67,043f4c170f93398fbee66adcd7b13468b37526f4a172f20f7e6d706eb06a2f00,200,2021-11-05T00:52:59.750184,,
189,text/plain; charset=utf-8,0.143,24acaeaffbb4ab85e0426f6c82aa112da4e8a9d6a3024da1a20129e984dbdb67,043f4c170f93398fbee66adcd7b13468b37526f4a172f20f7e6d706eb06a2f00,200,2021-11-06T00:51:50.765236,,
189,text/plain; charset=utf-8,0.261,24acaeaffbb4ab85e0426f6c82aa112da4e8a9d6a3024da1a20129e984dbdb67,043f4c170f93398fbee66adcd7b13468b37526f4a172f20f7e6d706eb06a2f00,200,2021-11-07T00:55:49.319206,,
189,text/plain; charset=utf-8,0.141,24acaeaffbb4ab85e0426f6c82aa112da4e8a9d6a3024da1a20129e984dbdb67,043f4c170f93398fbee66adcd7b13468b37526f4a172f20f7e6d706eb06a2f00,200,2021-11-08T00:54:27.723225,,
189,text/plain; charset=utf-8,0.197,24acaeaffbb4ab85e0426f6c82aa112da4e8a9d6a3024da1a20129e984dbdb67,043f4c170f93398fbee66adcd7b13468b37526f4a172f20f7e6d706eb06a2f00,200,2021-11-09T00:56:45.813416,,
189,text/plain; charset=utf-8,0.21,24acaeaffbb4ab85e0426f6c82aa112da4e8a9d6a3024da1a20129e984dbdb67,043f4c170f93398fbee66adcd7b13468b37526f4a172f20f7e6d706eb06a2f00,200,2021-11-10T00:54:13.273297,,
189,text/plain; charset=utf-8,0.16,24acaeaffbb4ab85e0426f6c82aa112da4e8a9d6a3024da1a20129e984dbdb67,043f4c170f93398fbee66adcd7b13468b37526f4a172f20f7e6d706eb06a2f00,200,2021-11-11T00:55:22.703883,,
189,text/plain; charset=utf-8,0.147,24acaeaffbb4ab85e0426f6c82aa112da4e8a9d6a3024da1a20129e984dbdb67,043f4c170f93398fbee66adcd7b13468b37526f4a172f20f7e6d706eb06a2f00,200,2021-11-12T00:55:22.840663,,
189,text/plain; charset=utf-8,0.163,24acaeaffbb4ab85e0426f6c82aa112da4e8a9d6a3024da1a20129e984dbdb67,043f4c170f93398fbee66adcd7b13468b37526f4a172f20f7e6d706eb06a2f00,200,2021-11-13T00:53:00.932316,,
189,text/plain; charset=utf-8,0.134,24acaeaffbb4ab85e0426f6c82aa112da4e8a9d6a3024da1a20129e984dbdb67,043f4c170f93398fbee66adcd7b13468b37526f4a172f20f7e6d706eb06a2f00,200,2021-11-14T00:56:03.777180,,
189,text/plain; charset=utf-8,0.174,24acaeaffbb4ab85e0426f6c82aa112da4e8a9d6a3024da1a20129e984dbdb67,043f4c170f93398fbee66adcd7b13468b37526f4a172f20f7e6d706eb06a2f00,200,2021-11-15T00:53:40.770927,,
189,text/plain; charset=utf-8,0.163,24acaeaffbb4ab85e0426f6c82aa112da4e8a9d6a3024da1a20129e984dbdb67,043f4c170f93398fbee66adcd7b13468b37526f4a172f20f7e6d706eb06a2f00,200,2021-11-16T00:54:49.278427,,
189,text/plain; charset=utf-8,0.163,24acaeaffbb4ab85e0426f6c82aa112da4e8a9d6a3024da1a20129e984dbdb67,043f4c170f93398fbee66adcd7b13468b37526f4a172f20f7e6d706eb06a2f00,200,2021-11-17T00:54:02.080613,,
